Site Name,License Type,Display Name,URL,Keywords
Learning Paths,CC4.0,Arm Migration Toolkit,https://learn.arm.com/migration,migration; port; migrate; top-down; bottom-up; methodology
Graviton Getting Started Guide,CC4.0,Graviton Getting Started,https://github.com/aws/aws-graviton-getting-started/blob/main/README.md,aws; gravition; basics; started; graviton2; graviton3; graviton4
Graviton Getting Started Guide,CC4.0,Graviton - C/C++,https://github.com/aws/aws-graviton-getting-started/blob/main/c-c++.md,c; c++; aws; gravition; basics; started; graviton2; graviton3; graviton4
Graviton Getting Started Guide,CC4.0,Graviton - Golang,https://github.com/aws/aws-graviton-getting-started/blob/main/golang.md,golang; go; aws; gravition; basics; started; graviton2; graviton3; graviton4
Graviton Getting Started Guide,CC4.0,Graviton - Java,https://github.com/aws/aws-graviton-getting-started/blob/main/java.md,java; aws; gravition; basics; started; graviton2; graviton3; graviton4
Graviton Getting Started Guide,CC4.0,Graviton - Dotnet,https://github.com/aws/aws-graviton-getting-started/blob/main/dotnet.md,.net; dotnet; aws; gravition; basics; started; graviton2; graviton3; graviton4
Graviton Getting Started Guide,CC4.0,Graviton - Nodejs,https://github.com/aws/aws-graviton-getting-started/blob/main/nodejs.md,nodejs; node; aws; gravition; basics; started; graviton2; graviton3; graviton4
Graviton Getting Started Guide,CC4.0,Graviton - PHP,https://github.com/aws/aws-graviton-getting-started/blob/main/php.md,php; web; aws; gravition; basics; started; graviton2; graviton3; graviton4
Graviton Getting Started Guide,CC4.0,Graviton - Python,https://github.com/aws/aws-graviton-getting-started/blob/main/python.md,python; aws; gravition; basics; started; graviton2; graviton3; graviton4
Graviton Getting Started Guide,CC4.0,Graviton - Rust,https://github.com/aws/aws-graviton-getting-started/blob/main/rust.md,rust; aws; gravition; basics; started; graviton2; graviton3; graviton4
Graviton Getting Started Guide,CC4.0,Graviton - Containers,https://github.com/aws/aws-graviton-getting-started/blob/main/containers.md,containers; container; docker; kubernetes; aws; gravition; basics; started; graviton2; graviton3; graviton4
Graviton Getting Started Guide,CC4.0,Graviton - Headless websites,https://github.com/aws/aws-graviton-getting-started/blob/main/software/ChromeAndPuppeteer.md,headless; website; web; aws; gravition; basics; started; graviton2; graviton3; graviton4
Graviton Getting Started Guide,CC4.0,Graviton - Oses,https://github.com/aws/aws-graviton-getting-started/blob/main/os.md,os; oses; operating; system; aws; gravition; basics; started; graviton2; graviton3; graviton4
Graviton Getting Started Guide,CC4.0,Graviton - ISVs,https://github.com/aws/aws-graviton-getting-started/blob/main/isv.md,isv; software; aws; gravition; basics; started; graviton2; graviton3; graviton4
Graviton Getting Started Guide,CC4.0,Graviton - AMIs,https://github.com/aws/aws-graviton-getting-started/blob/main/amis_cf_sm.md,ami; amazon; machine; image; aws; gravition; basics; started; graviton2; graviton3; graviton4
Graviton Getting Started Guide,CC4.0,Graviton - DPDK,https://github.com/aws/aws-graviton-getting-started/blob/main/dpdk_spdk.md,dpdk; aws; gravition; basics; started; graviton2; graviton3; graviton4
Graviton Getting Started Guide,CC4.0,Graviton - PyTorch,https://github.com/aws/aws-graviton-getting-started/blob/main/machinelearning/pytorch.md,pytorch; ml; ai; aws; gravition; basics; started; graviton2; graviton3; graviton4
Graviton Getting Started Guide,CC4.0,Graviton - Llama.cpp,https://github.com/aws/aws-graviton-getting-started/blob/main/machinelearning/llama.cpp.md,llama; llama.cpp; ai; ml; aws; gravition; basics; started; graviton2; graviton3; graviton4
Graviton Getting Started Guide,CC4.0,Graviton - Tensorflow,https://github.com/aws/aws-graviton-getting-started/blob/main/machinelearning/tensorflow.md,tensorflow; ml; ai; aws; gravition; basics; started; graviton2; graviton3; graviton4
Graviton Getting Started Guide,CC4.0,Graviton - Rust,https://github.com/aws/aws-graviton-getting-started/blob/main/R.md,r; aws; gravition; basics; started; graviton2; graviton3; graviton4
Graviton Getting Started Guide,CC4.0,Graviton - Spark,https://github.com/aws/aws-graviton-getting-started/blob/main/DataAnalytics.md,spark; data; analytics; aws; gravition; basics; started; graviton2; graviton3; graviton4
Graviton Getting Started Guide,CC4.0,Graviton - Services,https://github.com/aws/aws-graviton-getting-started/blob/main/managed_services.md,services; managed; aws; gravition; basics; started; graviton2; graviton3; graviton4
Graviton Getting Started Guide,CC4.0,Graviton - Runbook overview,https://github.com/aws/aws-graviton-getting-started/blob/main/perfrunbook/README.md,runbook; benchmark; loadgen; system; performance; debug; aws; gravition; basics; started; graviton2; graviton3; graviton4
Graviton Getting Started Guide,CC4.0,Graviton - Runbook intro,https://github.com/aws/aws-graviton-getting-started/blob/main/perfrunbook/intro_to_benchmarking.md,runbook; benchmark; loadgen; system; performance; debug; aws; gravition; basics; started; graviton2; graviton3; graviton4
Graviton Getting Started Guide,CC4.0,Graviton - Runbook Defining benchmark,https://github.com/aws/aws-graviton-getting-started/blob/main/perfrunbook/defining_your_benchmark.md,runbook; benchmark; loadgen; system; performance; debug; aws; gravition; basics; started; graviton2; graviton3; graviton4
Graviton Getting Started Guide,CC4.0,Graviton - Runbook config loadgen,https://github.com/aws/aws-graviton-getting-started/blob/main/perfrunbook/configuring_your_loadgen.md,runbook; benchmark; loadgen; system; performance; debug; aws; gravition; basics; started; graviton2; graviton3; graviton4
Graviton Getting Started Guide,CC4.0,Graviton - Runbook config sys,https://github.com/aws/aws-graviton-getting-started/blob/main/perfrunbook/configuring_your_sut.md,runbook; benchmark; loadgen; system; performance; debug; aws; gravition; basics; started; graviton2; graviton3; graviton4
Graviton Getting Started Guide,CC4.0,Graviton - Debug 1,https://github.com/aws/aws-graviton-getting-started/blob/main/perfrunbook/debug_system_perf.md,debug; system; performance; aws; gravition; basics; started; graviton2; graviton3; graviton4
Graviton Getting Started Guide,CC4.0,Graviton - Debug 2,https://github.com/aws/aws-graviton-getting-started/blob/main/perfrunbook/debug_code_perf.md,debug; code; software; performance; aws; gravition; basics; started; graviton2; graviton3; graviton4
Graviton Getting Started Guide,CC4.0,Graviton - Debug 3,https://github.com/aws/aws-graviton-getting-started/blob/main/perfrunbook/debug_hw_perf.md,debug; system; hardware; performance; aws; gravition; basics; started; graviton2; graviton3; graviton4
Graviton Getting Started Guide,CC4.0,Graviton - Optimizing,https://github.com/aws/aws-graviton-getting-started/blob/main/perfrunbook/optimization_recommendation.md,performance; optimization; guide; aws; gravition; basics; started; graviton2; graviton3; graviton4
Graviton Getting Started Guide,CC4.0,Graviton - curated PMUs,https://github.com/aws/aws-graviton-getting-started/blob/main/perfrunbook/appendix.md,pmu; pmus; performance; monitoring; unit; aws; gravition; basics; started; graviton2; graviton3; graviton4
Graviton Getting Started Guide,CC4.0,Graviton - assembly optimize,https://github.com/aws/aws-graviton-getting-started/blob/main/arm64-assembly-optimization.md,aarch64; assembly; optimization; performance; aws; gravition; basics; started; graviton2; graviton3; graviton4